{"Epoch": 300, "Accuracy": 72, "_timestamp": 1698212626.497986, "_runtime": 64.51190614700317, "_step": 6, "_wandb": {"runtime": 67}}