{"Epoch": 250, "Accuracy": 2, "_timestamp": 1700587958.5143092, "_runtime": 55.56630206108093, "_step": 5, "_wandb": {"runtime": 61}}